id,drawer_id,name
1,1,Hộc 1
2,1,Hộc 2
3,2,Hộc 1
4,2,Hộc 2
5,3,Hộc 1
6,3,Hộc 2
7,4,Hộc 1
8,4,Hộc 2
9,5,Hộc 1
10,5,Hộc 2
11,6,Hộc 1
12,6,Hộc 2
13,7,Hộc 1
14,7,Hộc 2
15,8,Hộc 1
16,8,Hộc 2
17,9,Hộc 1
18,9,Hộc 2
19,10,Hộc 1
20,10,Hộc 2
21,11,Hộc 1
22,11,Hộc 2
23,12,Hộc 1
24,12,Hộc 2
25,13,Hộc 1
26,13,Hộc 2
27,14,Hộc 1
28,14,Hộc 2
29,15,Hộc 1
30,15,Hộc 2
31,16,Hộc 1
32,16,Hộc 2
33,17,Hộc 1
34,17,Hộc 2
35,18,Hộc 1
36,18,Hộc 2
37,19,Hộc 1
38,19,Hộc 2
39,20,Hộc 1
40,20,Hộc 2
41,21,Hộc 1
42,21,Hộc 2
43,22,Hộc 1
44,22,Hộc 2
45,23,Hộc 1
46,23,Hộc 2
47,24,Hộc 1
48,24,Hộc 2
49,25,Hộc 1
50,25,Hộc 2
51,26,Hộc 1
52,26,Hộc 2
53,27,Hộc 1
54,27,Hộc 2
55,28,Hộc 1
56,28,Hộc 2
57,29,Hộc 1
58,29,Hộc 2
59,30,Hộc 1
60,30,Hộc 2
61,31,Hộc 1
62,31,Hộc 2
63,32,Hộc 1
64,32,Hộc 2
